target,bug,config,trial,tte_seconds,censored
cln,malformed_cannounce,encrypted_bytes,2,10.352,False
cln,malformed_cannounce,encrypted_bytes,6,4.51,False
cln,malformed_cannounce,encrypted_bytes,7,4.369,False
cln,malformed_cannounce,encrypted_bytes,8,14.553,False
cln,malformed_cannounce,encrypted_bytes,10,68.676,False
cln,malformed_cannounce,encrypted_bytes,1,144.778,False
cln,malformed_cannounce,encrypted_bytes,9,146.275,False
cln,malformed_cannounce,encrypted_bytes,5,217.862,False
cln,malformed_cannounce,encrypted_bytes,4,242.899,False
cln,malformed_cannounce,encrypted_bytes,3,258.929,False
cln,malformed_cannounce,encrypted_bytes,12,9.11,False
cln,malformed_cannounce,encrypted_bytes,16,3.788,False
cln,malformed_cannounce,encrypted_bytes,17,5.112,False
cln,malformed_cannounce,encrypted_bytes,18,11.933,False
cln,malformed_cannounce,encrypted_bytes,20,54.941,False
cln,malformed_cannounce,encrypted_bytes,11,160.704,False
cln,malformed_cannounce,encrypted_bytes,19,174.067,False
cln,malformed_cannounce,encrypted_bytes,15,250.541,False
cln,malformed_cannounce,encrypted_bytes,14,208.893,False
cln,malformed_cannounce,encrypted_bytes,13,292.59,False
cln,dns_overflow,encrypted_bytes,3,87.664,False
cln,dns_overflow,encrypted_bytes,9,79.955,False
cln,dns_overflow,encrypted_bytes,4,105.879,False
cln,dns_overflow,encrypted_bytes,7,112.334,False
cln,dns_overflow,encrypted_bytes,8,178.406,False
cln,dns_overflow,encrypted_bytes,1,223.099,False
cln,dns_overflow,encrypted_bytes,6,351.089,False
cln,dns_overflow,encrypted_bytes,2,407.462,False
cln,dns_overflow,encrypted_bytes,10,442.483,False
cln,dns_overflow,encrypted_bytes,5,518.991,False
cln,dns_overflow,encrypted_bytes,13,99.06,False
cln,dns_overflow,encrypted_bytes,19,95.146,False
cln,dns_overflow,encrypted_bytes,14,91.056,False
cln,dns_overflow,encrypted_bytes,17,131.431,False
cln,dns_overflow,encrypted_bytes,18,146.293,False
cln,dns_overflow,encrypted_bytes,11,247.64,False
cln,dns_overflow,encrypted_bytes,16,294.915,False
cln,dns_overflow,encrypted_bytes,12,358.567,False
cln,dns_overflow,encrypted_bytes,20,353.986,False
cln,dns_overflow,encrypted_bytes,15,596.84,False
eclair,decode_drop,encrypted_bytes,1,3.977,False
eclair,decode_drop,encrypted_bytes,2,1.296,False
eclair,decode_drop,encrypted_bytes,3,2.987,False
eclair,decode_drop,encrypted_bytes,4,3.196,False
eclair,decode_drop,encrypted_bytes,5,2.087,False
eclair,decode_drop,encrypted_bytes,6,1.474,False
eclair,decode_drop,encrypted_bytes,7,1.744,False
eclair,decode_drop,encrypted_bytes,8,3.928,False
eclair,decode_drop,encrypted_bytes,9,2.695,False
eclair,decode_drop,encrypted_bytes,10,2.205,False
eclair,decode_drop,encrypted_bytes,11,4.414,False
eclair,decode_drop,encrypted_bytes,12,1.14,False
eclair,decode_drop,encrypted_bytes,13,3.375,False
eclair,decode_drop,encrypted_bytes,14,2.749,False
eclair,decode_drop,encrypted_bytes,15,2.4,False
eclair,decode_drop,encrypted_bytes,16,1.238,False
eclair,decode_drop,encrypted_bytes,17,2.04,False
eclair,decode_drop,encrypted_bytes,18,3.221,False
eclair,decode_drop,encrypted_bytes,19,3.207,False
eclair,decode_drop,encrypted_bytes,20,1.764,False
cln,early_cupdate,encrypted_bytes,7,,True
cln,early_cupdate,encrypted_bytes,2,,True
cln,early_cupdate,encrypted_bytes,1,,True
cln,early_cupdate,encrypted_bytes,5,,True
cln,early_cupdate,encrypted_bytes,10,,True
cln,early_cupdate,encrypted_bytes,6,,True
cln,early_cupdate,encrypted_bytes,8,,True
cln,early_cupdate,encrypted_bytes,9,,True
cln,early_cupdate,encrypted_bytes,3,,True
cln,early_cupdate,encrypted_bytes,4,,True
cln,early_cupdate,encrypted_bytes,17,,True
cln,early_cupdate,encrypted_bytes,12,,True
cln,early_cupdate,encrypted_bytes,11,,True
cln,early_cupdate,encrypted_bytes,15,,True
cln,early_cupdate,encrypted_bytes,20,,True
cln,early_cupdate,encrypted_bytes,16,,True
cln,early_cupdate,encrypted_bytes,18,,True
cln,early_cupdate,encrypted_bytes,19,,True
cln,early_cupdate,encrypted_bytes,13,,True
cln,early_cupdate,encrypted_bytes,14,,True
cln,openchannel_assert,encrypted_bytes,5,,True
cln,openchannel_assert,encrypted_bytes,1,,True
cln,openchannel_assert,encrypted_bytes,2,,True
cln,openchannel_assert,encrypted_bytes,8,,True
cln,openchannel_assert,encrypted_bytes,9,,True
cln,openchannel_assert,encrypted_bytes,4,,True
cln,openchannel_assert,encrypted_bytes,10,,True
cln,openchannel_assert,encrypted_bytes,6,,True
cln,openchannel_assert,encrypted_bytes,3,,True
cln,openchannel_assert,encrypted_bytes,7,,True
cln,openchannel_assert,encrypted_bytes,15,,True
cln,openchannel_assert,encrypted_bytes,11,,True
cln,openchannel_assert,encrypted_bytes,18,,True
cln,openchannel_assert,encrypted_bytes,14,,True
cln,openchannel_assert,encrypted_bytes,20,,True
cln,openchannel_assert,encrypted_bytes,19,,True
cln,openchannel_assert,encrypted_bytes,16,,True
cln,openchannel_assert,encrypted_bytes,13,,True
cln,openchannel_assert,encrypted_bytes,12,,True
cln,openchannel_assert,encrypted_bytes,17,,True
cln,send_tlvs,encrypted_bytes,2,,True
cln,send_tlvs,encrypted_bytes,1,,True
cln,send_tlvs,encrypted_bytes,4,,True
cln,send_tlvs,encrypted_bytes,3,,True
cln,send_tlvs,encrypted_bytes,5,,True
cln,send_tlvs,encrypted_bytes,6,,True
cln,send_tlvs,encrypted_bytes,7,,True
cln,send_tlvs,encrypted_bytes,8,,True
cln,send_tlvs,encrypted_bytes,9,,True
cln,send_tlvs,encrypted_bytes,10,,True
cln,send_tlvs,encrypted_bytes,12,,True
cln,send_tlvs,encrypted_bytes,11,,True
cln,send_tlvs,encrypted_bytes,13,,True
cln,send_tlvs,encrypted_bytes,14,,True
cln,send_tlvs,encrypted_bytes,15,,True
cln,send_tlvs,encrypted_bytes,17,,True
cln,send_tlvs,encrypted_bytes,16,,True
cln,send_tlvs,encrypted_bytes,18,,True
cln,send_tlvs,encrypted_bytes,19,,True
cln,send_tlvs,encrypted_bytes,20,,True
eclair,pubkey_exception,encrypted_bytes,4,70.078,False
eclair,pubkey_exception,encrypted_bytes,8,72.472,False
eclair,pubkey_exception,encrypted_bytes,2,157.679,False
eclair,pubkey_exception,encrypted_bytes,10,24.087,False
eclair,pubkey_exception,encrypted_bytes,1,187.845,False
eclair,pubkey_exception,encrypted_bytes,3,4.573,False
eclair,pubkey_exception,encrypted_bytes,7,5.431,False
eclair,pubkey_exception,encrypted_bytes,5,164.098,False
eclair,pubkey_exception,encrypted_bytes,6,106.05,False
eclair,pubkey_exception,encrypted_bytes,9,104.314,False
eclair,pubkey_exception,encrypted_bytes,14,60.267,False
eclair,pubkey_exception,encrypted_bytes,12,138.758,False
eclair,pubkey_exception,encrypted_bytes,18,59.427,False
eclair,pubkey_exception,encrypted_bytes,11,208.508,False
eclair,pubkey_exception,encrypted_bytes,20,19.27,False
eclair,pubkey_exception,encrypted_bytes,13,5.167,False
eclair,pubkey_exception,encrypted_bytes,17,6.354,False
eclair,pubkey_exception,encrypted_bytes,15,188.713,False
eclair,pubkey_exception,encrypted_bytes,16,89.082,False
eclair,pubkey_exception,encrypted_bytes,19,124.134,False
eclair,unknown_message,encrypted_bytes,5,67.561,False
eclair,unknown_message,encrypted_bytes,4,125.97,False
eclair,unknown_message,encrypted_bytes,8,104.9,False
eclair,unknown_message,encrypted_bytes,6,83.62,False
eclair,unknown_message,encrypted_bytes,9,80.59,False
eclair,unknown_message,encrypted_bytes,3,110.57,False
eclair,unknown_message,encrypted_bytes,10,107.08,False
eclair,unknown_message,encrypted_bytes,7,119.67,False
eclair,unknown_message,encrypted_bytes,2,72.63,False
eclair,unknown_message,encrypted_bytes,1,69.02,False
eclair,unknown_message,encrypted_bytes,15,77.695,False
eclair,unknown_message,encrypted_bytes,18,86.018,False
eclair,unknown_message,encrypted_bytes,14,108.334,False
eclair,unknown_message,encrypted_bytes,16,70.241,False
eclair,unknown_message,encrypted_bytes,19,95.902,False
eclair,unknown_message,encrypted_bytes,20,85.664,False
eclair,unknown_message,encrypted_bytes,13,124.944,False
eclair,unknown_message,encrypted_bytes,17,140.014,False
eclair,unknown_message,encrypted_bytes,12,63.914,False
eclair,unknown_message,encrypted_bytes,11,76.612,False
eclair,htlc_propagation,encrypted_bytes,1,,True
eclair,htlc_propagation,encrypted_bytes,3,,True
eclair,htlc_propagation,encrypted_bytes,2,,True
eclair,htlc_propagation,encrypted_bytes,4,,True
eclair,htlc_propagation,encrypted_bytes,6,,True
eclair,htlc_propagation,encrypted_bytes,7,,True
eclair,htlc_propagation,encrypted_bytes,8,,True
eclair,htlc_propagation,encrypted_bytes,9,,True
eclair,htlc_propagation,encrypted_bytes,5,,True
eclair,htlc_propagation,encrypted_bytes,10,,True
eclair,htlc_propagation,encrypted_bytes,11,,True
eclair,htlc_propagation,encrypted_bytes,12,,True
eclair,htlc_propagation,encrypted_bytes,13,,True
eclair,htlc_propagation,encrypted_bytes,14,,True
eclair,htlc_propagation,encrypted_bytes,17,,True
eclair,htlc_propagation,encrypted_bytes,16,,True
eclair,htlc_propagation,encrypted_bytes,18,,True
eclair,htlc_propagation,encrypted_bytes,19,,True
eclair,htlc_propagation,encrypted_bytes,15,,True
eclair,htlc_propagation,encrypted_bytes,20,,True
eclair,shutdown_retransmit,encrypted_bytes,1,,True
eclair,shutdown_retransmit,encrypted_bytes,3,,True
eclair,shutdown_retransmit,encrypted_bytes,2,,True
eclair,shutdown_retransmit,encrypted_bytes,4,,True
eclair,shutdown_retransmit,encrypted_bytes,5,,True
eclair,shutdown_retransmit,encrypted_bytes,6,,True
eclair,shutdown_retransmit,encrypted_bytes,8,,True
eclair,shutdown_retransmit,encrypted_bytes,7,,True
eclair,shutdown_retransmit,encrypted_bytes,9,,True
eclair,shutdown_retransmit,encrypted_bytes,10,,True
eclair,shutdown_retransmit,encrypted_bytes,11,,True
eclair,shutdown_retransmit,encrypted_bytes,13,,True
eclair,shutdown_retransmit,encrypted_bytes,12,,True
eclair,shutdown_retransmit,encrypted_bytes,14,,True
eclair,shutdown_retransmit,encrypted_bytes,15,,True
eclair,shutdown_retransmit,encrypted_bytes,16,,True
eclair,shutdown_retransmit,encrypted_bytes,18,,True
eclair,shutdown_retransmit,encrypted_bytes,17,,True
eclair,shutdown_retransmit,encrypted_bytes,19,,True
eclair,shutdown_retransmit,encrypted_bytes,20,,True
ldk,annsig_panic,encrypted_bytes,1,,True
ldk,annsig_panic,encrypted_bytes,2,,True
ldk,annsig_panic,encrypted_bytes,3,,True
ldk,annsig_panic,encrypted_bytes,4,,True
ldk,annsig_panic,encrypted_bytes,5,,True
ldk,annsig_panic,encrypted_bytes,6,,True
ldk,annsig_panic,encrypted_bytes,7,,True
ldk,annsig_panic,encrypted_bytes,8,,True
ldk,annsig_panic,encrypted_bytes,9,,True
ldk,annsig_panic,encrypted_bytes,10,,True
ldk,annsig_panic,encrypted_bytes,11,,True
ldk,annsig_panic,encrypted_bytes,12,,True
ldk,annsig_panic,encrypted_bytes,13,,True
ldk,annsig_panic,encrypted_bytes,15,,True
ldk,annsig_panic,encrypted_bytes,14,,True
ldk,annsig_panic,encrypted_bytes,16,,True
ldk,annsig_panic,encrypted_bytes,18,,True
ldk,annsig_panic,encrypted_bytes,17,,True
ldk,annsig_panic,encrypted_bytes,19,,True
ldk,annsig_panic,encrypted_bytes,20,,True
ldk,channel_ready,encrypted_bytes,5,,True
ldk,channel_ready,encrypted_bytes,2,,True
ldk,channel_ready,encrypted_bytes,3,,True
ldk,channel_ready,encrypted_bytes,4,,True
ldk,channel_ready,encrypted_bytes,1,,True
ldk,channel_ready,encrypted_bytes,6,,True
ldk,channel_ready,encrypted_bytes,7,,True
ldk,channel_ready,encrypted_bytes,8,,True
ldk,channel_ready,encrypted_bytes,9,,True
ldk,channel_ready,encrypted_bytes,10,,True
ldk,channel_ready,encrypted_bytes,15,,True
ldk,channel_ready,encrypted_bytes,12,,True
ldk,channel_ready,encrypted_bytes,13,,True
ldk,channel_ready,encrypted_bytes,14,,True
ldk,channel_ready,encrypted_bytes,11,,True
ldk,channel_ready,encrypted_bytes,16,,True
ldk,channel_ready,encrypted_bytes,17,,True
ldk,channel_ready,encrypted_bytes,18,,True
ldk,channel_ready,encrypted_bytes,19,,True
ldk,channel_ready,encrypted_bytes,20,,True
lnd,gossiper_deadlock,encrypted_bytes,4,40.845,False
lnd,gossiper_deadlock,encrypted_bytes,5,92.547,False
lnd,gossiper_deadlock,encrypted_bytes,1,215.928,False
lnd,gossiper_deadlock,encrypted_bytes,7,80.998,False
lnd,gossiper_deadlock,encrypted_bytes,6,210.431,False
lnd,gossiper_deadlock,encrypted_bytes,9,64.605,False
lnd,gossiper_deadlock,encrypted_bytes,8,170.474,False
lnd,gossiper_deadlock,encrypted_bytes,10,708.964,False
lnd,gossiper_deadlock,encrypted_bytes,2,1058.776,False
lnd,gossiper_deadlock,encrypted_bytes,3,1081.332,False
lnd,gossiper_deadlock,encrypted_bytes,14,35.127,False
lnd,gossiper_deadlock,encrypted_bytes,15,106.429,False
lnd,gossiper_deadlock,encrypted_bytes,11,239.68,False
lnd,gossiper_deadlock,encrypted_bytes,17,94.768,False
lnd,gossiper_deadlock,encrypted_bytes,16,176.762,False
lnd,gossiper_deadlock,encrypted_bytes,19,76.88,False
lnd,gossiper_deadlock,encrypted_bytes,18,139.789,False
lnd,gossiper_deadlock,encrypted_bytes,20,567.171,False
lnd,gossiper_deadlock,encrypted_bytes,12,931.723,False
lnd,gossiper_deadlock,encrypted_bytes,13,1221.905,False
lnd,malformed_tlv,encrypted_bytes,1,72.916,False
lnd,malformed_tlv,encrypted_bytes,2,9.644,False
lnd,malformed_tlv,encrypted_bytes,4,19.996,False
lnd,malformed_tlv,encrypted_bytes,3,151.847,False
lnd,malformed_tlv,encrypted_bytes,5,76.969,False
lnd,malformed_tlv,encrypted_bytes,6,105.614,False
lnd,malformed_tlv,encrypted_bytes,7,43.918,False
lnd,malformed_tlv,encrypted_bytes,8,52.582,False
lnd,malformed_tlv,encrypted_bytes,9,10.023,False
lnd,malformed_tlv,encrypted_bytes,10,36.816,False
lnd,malformed_tlv,encrypted_bytes,11,80.937,False
lnd,malformed_tlv,encrypted_bytes,14,17.197,False
lnd,malformed_tlv,encrypted_bytes,13,171.587,False
lnd,malformed_tlv,encrypted_bytes,15,88.514,False
lnd,malformed_tlv,encrypted_bytes,16,88.716,False
lnd,malformed_tlv,encrypted_bytes,12,8.487,False
lnd,malformed_tlv,encrypted_bytes,18,43.117,False
lnd,malformed_tlv,encrypted_bytes,17,51.384,False
lnd,malformed_tlv,encrypted_bytes,19,11.927,False
lnd,malformed_tlv,encrypted_bytes,20,29.453,False
ldk,reachable_unwrap,encrypted_bytes,1,,True
ldk,reachable_unwrap,encrypted_bytes,3,,True
ldk,reachable_unwrap,encrypted_bytes,2,,True
ldk,reachable_unwrap,encrypted_bytes,5,,True
ldk,reachable_unwrap,encrypted_bytes,6,,True
ldk,reachable_unwrap,encrypted_bytes,8,,True
ldk,reachable_unwrap,encrypted_bytes,7,,True
ldk,reachable_unwrap,encrypted_bytes,9,,True
ldk,reachable_unwrap,encrypted_bytes,10,,True
ldk,reachable_unwrap,encrypted_bytes,4,,True
ldk,reachable_unwrap,encrypted_bytes,11,,True
ldk,reachable_unwrap,encrypted_bytes,13,,True
ldk,reachable_unwrap,encrypted_bytes,12,,True
ldk,reachable_unwrap,encrypted_bytes,15,,True
ldk,reachable_unwrap,encrypted_bytes,16,,True
ldk,reachable_unwrap,encrypted_bytes,18,,True
ldk,reachable_unwrap,encrypted_bytes,17,,True
ldk,reachable_unwrap,encrypted_bytes,19,,True
ldk,reachable_unwrap,encrypted_bytes,20,,True
ldk,reachable_unwrap,encrypted_bytes,14,,True
lnd,cupdate_no_htlc,encrypted_bytes,1,,True
lnd,cupdate_no_htlc,encrypted_bytes,2,,True
lnd,cupdate_no_htlc,encrypted_bytes,3,,True
lnd,cupdate_no_htlc,encrypted_bytes,4,,True
lnd,cupdate_no_htlc,encrypted_bytes,6,,True
lnd,cupdate_no_htlc,encrypted_bytes,7,,True
lnd,cupdate_no_htlc,encrypted_bytes,5,,True
lnd,cupdate_no_htlc,encrypted_bytes,8,,True
lnd,cupdate_no_htlc,encrypted_bytes,9,,True
lnd,cupdate_no_htlc,encrypted_bytes,10,,True
lnd,cupdate_no_htlc,encrypted_bytes,11,,True
lnd,cupdate_no_htlc,encrypted_bytes,12,,True
lnd,cupdate_no_htlc,encrypted_bytes,14,,True
lnd,cupdate_no_htlc,encrypted_bytes,13,,True
lnd,cupdate_no_htlc,encrypted_bytes,16,,True
lnd,cupdate_no_htlc,encrypted_bytes,15,,True
lnd,cupdate_no_htlc,encrypted_bytes,17,,True
lnd,cupdate_no_htlc,encrypted_bytes,18,,True
lnd,cupdate_no_htlc,encrypted_bytes,19,,True
lnd,cupdate_no_htlc,encrypted_bytes,20,,True
lnd,zero_timestamp,encrypted_bytes,5,,True
lnd,zero_timestamp,encrypted_bytes,8,,True
lnd,zero_timestamp,encrypted_bytes,2,,True
lnd,zero_timestamp,encrypted_bytes,9,,True
lnd,zero_timestamp,encrypted_bytes,10,,True
lnd,zero_timestamp,encrypted_bytes,1,,True
lnd,zero_timestamp,encrypted_bytes,3,,True
lnd,zero_timestamp,encrypted_bytes,4,,True
lnd,zero_timestamp,encrypted_bytes,7,,True
lnd,zero_timestamp,encrypted_bytes,6,,True
lnd,zero_timestamp,encrypted_bytes,15,,True
lnd,zero_timestamp,encrypted_bytes,18,,True
lnd,zero_timestamp,encrypted_bytes,12,,True
lnd,zero_timestamp,encrypted_bytes,19,,True
lnd,zero_timestamp,encrypted_bytes,20,,True
lnd,zero_timestamp,encrypted_bytes,11,,True
lnd,zero_timestamp,encrypted_bytes,13,,True
lnd,zero_timestamp,encrypted_bytes,14,,True
lnd,zero_timestamp,encrypted_bytes,17,,True
lnd,zero_timestamp,encrypted_bytes,16,,True
cln,malformed_cannounce,ir,2,2.965,False
cln,malformed_cannounce,ir,1,3.13,False
cln,malformed_cannounce,ir,3,1.557,False
cln,malformed_cannounce,ir,5,2.196,False
cln,malformed_cannounce,ir,6,2.666,False
cln,malformed_cannounce,ir,4,3.712,False
cln,malformed_cannounce,ir,7,3.549,False
cln,malformed_cannounce,ir,9,0.631,False
cln,malformed_cannounce,ir,8,3.788,False
cln,malformed_cannounce,ir,10,3.56,False
cln,malformed_cannounce,ir,12,2.609,False
cln,malformed_cannounce,ir,11,3.474,False
cln,malformed_cannounce,ir,13,1.759,False
cln,malformed_cannounce,ir,15,2.525,False
cln,malformed_cannounce,ir,16,2.239,False
cln,malformed_cannounce,ir,14,3.192,False
cln,malformed_cannounce,ir,17,4.152,False
cln,malformed_cannounce,ir,19,0.751,False
cln,malformed_cannounce,ir,18,3.106,False
cln,malformed_cannounce,ir,20,2.848,False
cln,send_tlvs,ir,1,432.553,False
cln,send_tlvs,ir,2,361.687,False
cln,send_tlvs,ir,3,834.525,False
cln,send_tlvs,ir,4,367.853,False
cln,send_tlvs,ir,6,152.193,False
cln,send_tlvs,ir,8,94.987,False
cln,send_tlvs,ir,5,338.924,False
cln,send_tlvs,ir,10,79.12,False
cln,send_tlvs,ir,7,265.555,False
cln,send_tlvs,ir,9,173.997,False
cln,send_tlvs,ir,11,480.134,False
cln,send_tlvs,ir,12,318.285,False
cln,send_tlvs,ir,13,943.013,False
cln,send_tlvs,ir,14,316.354,False
cln,send_tlvs,ir,16,127.842,False
cln,send_tlvs,ir,18,77.889,False
cln,send_tlvs,ir,15,389.763,False
cln,send_tlvs,ir,20,63.296,False
cln,send_tlvs,ir,17,310.699,False
cln,send_tlvs,ir,19,207.056,False
cln,dns_overflow,ir,6,2230.516,False
cln,dns_overflow,ir,7,2346.548,False
cln,dns_overflow,ir,5,2683.364,False
cln,dns_overflow,ir,1,5611.61,False
cln,dns_overflow,ir,2,6587.982,False
cln,dns_overflow,ir,9,8419.703,False
cln,dns_overflow,ir,8,8762.619,False
cln,dns_overflow,ir,10,27416.787,False
cln,dns_overflow,ir,4,27910.042,False
cln,dns_overflow,ir,3,29908.23,False
cln,dns_overflow,ir,16,1873.633,False
cln,dns_overflow,ir,17,2745.461,False
cln,dns_overflow,ir,15,3085.869,False
cln,dns_overflow,ir,11,6228.887,False
cln,dns_overflow,ir,12,5797.424,False
cln,dns_overflow,ir,19,10019.447,False
cln,dns_overflow,ir,18,7185.348,False
cln,dns_overflow,ir,20,21933.43,False
cln,dns_overflow,ir,14,24002.636,False
cln,dns_overflow,ir,13,33796.3,False
eclair,decode_drop,ir,1,1.133,False
eclair,decode_drop,ir,2,7.667,False
eclair,decode_drop,ir,3,1.371,False
eclair,decode_drop,ir,4,1.712,False
eclair,decode_drop,ir,5,0.997,False
eclair,decode_drop,ir,6,3.066,False
eclair,decode_drop,ir,7,2.727,False
eclair,decode_drop,ir,8,0.383,False
eclair,decode_drop,ir,9,0.376,False
eclair,decode_drop,ir,10,1.386,False
eclair,decode_drop,ir,11,1.258,False
eclair,decode_drop,ir,13,1.549,False
eclair,decode_drop,ir,12,6.747,False
eclair,decode_drop,ir,15,1.147,False
eclair,decode_drop,ir,14,1.472,False
eclair,decode_drop,ir,16,2.575,False
eclair,decode_drop,ir,17,3.191,False
eclair,decode_drop,ir,18,0.314,False
eclair,decode_drop,ir,19,0.447,False
eclair,decode_drop,ir,20,1.109,False
cln,openchannel_assert,ir,8,34324.766,False
cln,openchannel_assert,ir,7,7986.811,False
cln,openchannel_assert,ir,1,17129.763,False
cln,openchannel_assert,ir,5,7970.934,False
cln,openchannel_assert,ir,2,21961.756,False
cln,openchannel_assert,ir,3,8014.151,False
cln,openchannel_assert,ir,10,17457.195,False
cln,openchannel_assert,ir,9,12735.673,False
cln,openchannel_assert,ir,4,14966.345,False
cln,openchannel_assert,ir,6,25727.645,False
cln,openchannel_assert,ir,18,28146.308,False
cln,openchannel_assert,ir,17,9344.569,False
cln,openchannel_assert,ir,11,19014.037,False
cln,openchannel_assert,ir,15,9166.574,False
cln,openchannel_assert,ir,12,19326.345,False
cln,openchannel_assert,ir,13,9055.991,False
cln,openchannel_assert,ir,20,13965.756,False
cln,openchannel_assert,ir,19,15155.451,False
cln,openchannel_assert,ir,14,12871.057,False
cln,openchannel_assert,ir,16,21611.222,False
eclair,htlc_propagation,ir,1,,True
eclair,htlc_propagation,ir,2,,True
eclair,htlc_propagation,ir,10,,True
eclair,htlc_propagation,ir,4,,True
eclair,htlc_propagation,ir,8,,True
eclair,htlc_propagation,ir,5,,True
eclair,htlc_propagation,ir,7,,True
eclair,htlc_propagation,ir,3,,True
eclair,htlc_propagation,ir,6,,True
eclair,htlc_propagation,ir,11,,True
eclair,htlc_propagation,ir,9,,True
eclair,htlc_propagation,ir,12,,True
eclair,htlc_propagation,ir,20,,True
eclair,htlc_propagation,ir,14,,True
eclair,htlc_propagation,ir,18,,True
eclair,htlc_propagation,ir,15,,True
eclair,htlc_propagation,ir,17,,True
eclair,htlc_propagation,ir,13,,True
eclair,htlc_propagation,ir,19,,True
eclair,htlc_propagation,ir,16,,True
eclair,unknown_message,ir,1,2.742,False
eclair,unknown_message,ir,2,0.692,False
eclair,unknown_message,ir,3,3.26,False
eclair,unknown_message,ir,4,5.29,False
eclair,unknown_message,ir,5,0.859,False
eclair,unknown_message,ir,6,3.102,False
eclair,unknown_message,ir,7,0.336,False
eclair,unknown_message,ir,8,0.343,False
eclair,unknown_message,ir,9,0.474,False
eclair,unknown_message,ir,10,3.914,False
eclair,unknown_message,ir,11,3.044,False
eclair,unknown_message,ir,13,3.684,False
eclair,unknown_message,ir,12,0.609,False
eclair,unknown_message,ir,14,4.549,False
eclair,unknown_message,ir,16,2.606,False
eclair,unknown_message,ir,15,0.988,False
eclair,unknown_message,ir,17,0.393,False
eclair,unknown_message,ir,18,0.281,False
eclair,unknown_message,ir,19,0.564,False
eclair,unknown_message,ir,20,3.131,False
cln,early_cupdate,ir,1,,True
cln,early_cupdate,ir,4,,True
cln,early_cupdate,ir,2,,True
cln,early_cupdate,ir,9,,True
cln,early_cupdate,ir,3,,True
cln,early_cupdate,ir,7,,True
cln,early_cupdate,ir,8,,True
cln,early_cupdate,ir,10,,True
cln,early_cupdate,ir,6,,True
cln,early_cupdate,ir,5,,True
cln,early_cupdate,ir,11,,True
cln,early_cupdate,ir,14,,True
cln,early_cupdate,ir,19,,True
cln,early_cupdate,ir,12,,True
cln,early_cupdate,ir,13,,True
cln,early_cupdate,ir,17,,True
cln,early_cupdate,ir,20,,True
cln,early_cupdate,ir,18,,True
cln,early_cupdate,ir,16,,True
cln,early_cupdate,ir,15,,True
eclair,pubkey_exception,ir,1,,True
eclair,pubkey_exception,ir,2,,True
eclair,pubkey_exception,ir,3,,True
eclair,pubkey_exception,ir,4,,True
eclair,pubkey_exception,ir,5,,True
eclair,pubkey_exception,ir,6,,True
eclair,pubkey_exception,ir,8,,True
eclair,pubkey_exception,ir,7,,True
eclair,pubkey_exception,ir,9,,True
eclair,pubkey_exception,ir,10,,True
eclair,pubkey_exception,ir,11,,True
eclair,pubkey_exception,ir,12,,True
eclair,pubkey_exception,ir,14,,True
eclair,pubkey_exception,ir,13,,True
eclair,pubkey_exception,ir,15,,True
eclair,pubkey_exception,ir,18,,True
eclair,pubkey_exception,ir,16,,True
eclair,pubkey_exception,ir,17,,True
eclair,pubkey_exception,ir,19,,True
eclair,pubkey_exception,ir,20,,True
eclair,shutdown_retransmit,ir,1,,True
eclair,shutdown_retransmit,ir,2,,True
eclair,shutdown_retransmit,ir,3,,True
eclair,shutdown_retransmit,ir,4,,True
eclair,shutdown_retransmit,ir,5,,True
eclair,shutdown_retransmit,ir,6,,True
eclair,shutdown_retransmit,ir,7,,True
eclair,shutdown_retransmit,ir,8,,True
eclair,shutdown_retransmit,ir,9,,True
eclair,shutdown_retransmit,ir,10,,True
eclair,shutdown_retransmit,ir,11,,True
eclair,shutdown_retransmit,ir,13,,True
eclair,shutdown_retransmit,ir,14,,True
eclair,shutdown_retransmit,ir,12,,True
eclair,shutdown_retransmit,ir,16,,True
eclair,shutdown_retransmit,ir,15,,True
eclair,shutdown_retransmit,ir,17,,True
eclair,shutdown_retransmit,ir,18,,True
eclair,shutdown_retransmit,ir,19,,True
eclair,shutdown_retransmit,ir,20,,True
ldk,annsig_panic,ir,1,,True
ldk,annsig_panic,ir,9,,True
ldk,annsig_panic,ir,10,,True
ldk,annsig_panic,ir,5,,True
ldk,annsig_panic,ir,2,,True
ldk,annsig_panic,ir,7,,True
ldk,annsig_panic,ir,3,,True
ldk,annsig_panic,ir,6,,True
ldk,annsig_panic,ir,4,,True
ldk,annsig_panic,ir,8,,True
ldk,annsig_panic,ir,11,,True
ldk,annsig_panic,ir,19,,True
ldk,annsig_panic,ir,20,,True
ldk,annsig_panic,ir,12,,True
ldk,annsig_panic,ir,15,,True
ldk,annsig_panic,ir,17,,True
ldk,annsig_panic,ir,13,,True
ldk,annsig_panic,ir,16,,True
ldk,annsig_panic,ir,14,,True
ldk,annsig_panic,ir,18,,True
ldk,reachable_unwrap,ir,2,22.861,False
ldk,reachable_unwrap,ir,1,79.097,False
ldk,reachable_unwrap,ir,5,32.821,False
ldk,reachable_unwrap,ir,3,84.762,False
ldk,reachable_unwrap,ir,4,134.416,False
ldk,reachable_unwrap,ir,8,30.937,False
ldk,reachable_unwrap,ir,6,76.011,False
ldk,reachable_unwrap,ir,9,36.562,False
ldk,reachable_unwrap,ir,10,100.8,False
ldk,reachable_unwrap,ir,12,20.118,False
ldk,reachable_unwrap,ir,7,108.411,False
ldk,reachable_unwrap,ir,11,87.798,False
ldk,reachable_unwrap,ir,15,37.744,False
ldk,reachable_unwrap,ir,13,95.781,False
ldk,reachable_unwrap,ir,14,115.598,False
ldk,reachable_unwrap,ir,18,25.368,False
ldk,reachable_unwrap,ir,16,63.849,False
ldk,reachable_unwrap,ir,19,43.509,False
ldk,reachable_unwrap,ir,17,126.841,False
ldk,reachable_unwrap,ir,20,80.64,False
lnd,gossiper_deadlock,ir,1,0.013,False
lnd,gossiper_deadlock,ir,2,8.487,False
lnd,gossiper_deadlock,ir,3,4.882,False
lnd,gossiper_deadlock,ir,4,0.829,False
lnd,gossiper_deadlock,ir,5,5.711,False
lnd,gossiper_deadlock,ir,6,5.065,False
lnd,gossiper_deadlock,ir,7,1.876,False
lnd,gossiper_deadlock,ir,8,11.305,False
lnd,gossiper_deadlock,ir,9,8.065,False
lnd,gossiper_deadlock,ir,10,0.518,False
lnd,gossiper_deadlock,ir,11,0.014,False
lnd,gossiper_deadlock,ir,12,7.469,False
lnd,gossiper_deadlock,ir,14,0.713,False
lnd,gossiper_deadlock,ir,15,6.568,False
lnd,gossiper_deadlock,ir,16,4.255,False
lnd,gossiper_deadlock,ir,13,5.517,False
lnd,gossiper_deadlock,ir,17,2.195,False
lnd,gossiper_deadlock,ir,18,9.27,False
lnd,gossiper_deadlock,ir,19,9.597,False
lnd,gossiper_deadlock,ir,20,0.414,False
ldk,channel_ready,ir,1,,True
ldk,channel_ready,ir,2,,True
ldk,channel_ready,ir,3,,True
ldk,channel_ready,ir,4,,True
ldk,channel_ready,ir,5,,True
ldk,channel_ready,ir,6,,True
ldk,channel_ready,ir,7,,True
ldk,channel_ready,ir,8,,True
ldk,channel_ready,ir,9,,True
ldk,channel_ready,ir,10,,True
ldk,channel_ready,ir,12,,True
ldk,channel_ready,ir,11,,True
ldk,channel_ready,ir,13,,True
ldk,channel_ready,ir,14,,True
ldk,channel_ready,ir,15,,True
ldk,channel_ready,ir,16,,True
ldk,channel_ready,ir,17,,True
ldk,channel_ready,ir,18,,True
ldk,channel_ready,ir,19,,True
ldk,channel_ready,ir,20,,True
lnd,zero_timestamp,ir,1,269.768,False
lnd,zero_timestamp,ir,3,439.807,False
lnd,zero_timestamp,ir,4,1071.671,False
lnd,zero_timestamp,ir,10,1554.987,False
lnd,zero_timestamp,ir,2,2148.841,False
lnd,zero_timestamp,ir,7,1928.476,False
lnd,zero_timestamp,ir,5,2226.558,False
lnd,zero_timestamp,ir,6,2045.763,False
lnd,zero_timestamp,ir,8,1907.218,False
lnd,zero_timestamp,ir,9,3830.59,False
lnd,zero_timestamp,ir,11,299.442,False
lnd,zero_timestamp,ir,13,496.982,False
lnd,zero_timestamp,ir,14,921.637,False
lnd,zero_timestamp,ir,20,1243.99,False
lnd,zero_timestamp,ir,12,1890.98,False
lnd,zero_timestamp,ir,15,2560.542,False
lnd,zero_timestamp,ir,17,2256.317,False
lnd,zero_timestamp,ir,16,1718.441,False
lnd,zero_timestamp,ir,18,1563.919,False
lnd,zero_timestamp,ir,19,4558.402,False
lnd,cupdate_no_htlc,ir,1,,True
lnd,cupdate_no_htlc,ir,2,,True
lnd,cupdate_no_htlc,ir,3,,True
lnd,cupdate_no_htlc,ir,4,,True
lnd,cupdate_no_htlc,ir,5,,True
lnd,cupdate_no_htlc,ir,6,,True
lnd,cupdate_no_htlc,ir,7,,True
lnd,cupdate_no_htlc,ir,8,,True
lnd,cupdate_no_htlc,ir,9,,True
lnd,cupdate_no_htlc,ir,10,,True
lnd,cupdate_no_htlc,ir,11,,True
lnd,cupdate_no_htlc,ir,12,,True
lnd,cupdate_no_htlc,ir,13,,True
lnd,cupdate_no_htlc,ir,15,,True
lnd,cupdate_no_htlc,ir,14,,True
lnd,cupdate_no_htlc,ir,16,,True
lnd,cupdate_no_htlc,ir,17,,True
lnd,cupdate_no_htlc,ir,18,,True
lnd,cupdate_no_htlc,ir,19,,True
lnd,cupdate_no_htlc,ir,20,,True
lnd,malformed_tlv,ir,1,,True
lnd,malformed_tlv,ir,6,,True
lnd,malformed_tlv,ir,2,,True
lnd,malformed_tlv,ir,5,,True
lnd,malformed_tlv,ir,8,,True
lnd,malformed_tlv,ir,4,,True
lnd,malformed_tlv,ir,3,,True
lnd,malformed_tlv,ir,9,,True
lnd,malformed_tlv,ir,7,,True
lnd,malformed_tlv,ir,10,,True
lnd,malformed_tlv,ir,11,,True
lnd,malformed_tlv,ir,16,,True
lnd,malformed_tlv,ir,15,,True
lnd,malformed_tlv,ir,12,,True
lnd,malformed_tlv,ir,18,,True
lnd,malformed_tlv,ir,14,,True
lnd,malformed_tlv,ir,13,,True
lnd,malformed_tlv,ir,19,,True
lnd,malformed_tlv,ir,17,,True
lnd,malformed_tlv,ir,20,,True
